Workbook

Sheet Casos de Teste
A1: ID | B1: Suite/Funcionalidade | C1: Título | D1: Pré-Requisitos | E1: Passo a Passo | F1: Dados de Teste | G1: Resultado Esperado | H1: Resultado Obtido | I1: Status | J1: Severidade | K1: Prioridade | L1: Evidência (Link) | M1: Bug ID (Jira) | N1: Tester | O1: Data de Execução
A2: TC-001 | B2: SauceDemo – Autenticação | C2: Login com credenciais válidas | D2: 1. Acessar https://www.saucedemo.com 2. Sistema disponível e responsivo | E2: 1. Acessar https://www.saucedemo.com 2. Inserir usuário: standard_user 3. Inserir senha: secret_sauce 4. Clicar no botão 'Login' | F2: Usuário: standard_user Senha: secret_sauce | G2: Usuário autenticado com sucesso. Redirecionado para a página de produtos (/inventory.html). | H2: O mesmo que o esperado. | I2: Passou | J2: Alta | K2: P1-Alta | L2: TC-001.png | M2: — | N2: Wesley | O2: 46106
A3: TC-002 | B3: SauceDemo – Autenticação | C3: Login com senha incorreta | D3: 1. Acessar https://www.saucedemo.com 2. Sistema disponível | E3: 1. Acessar https://www.saucedemo.com 2. Inserir usuário: standard_user 3. Inserir senha: senha_errada 4. Clicar no botão 'Login' | F3: Usuário: standard_user Senha: senha_errada | G3: Exibir mensagem de erro: 'Username and password do not match any user in this service'. Usuário permanece na tela de login. | H3: O mesmo que o esperado. | I3: Passou | J3: Alta | K3: P1-Alta | L3: TC-002.png | M3: — | N3: Wesley | O3: 46106
A4: TC-003 | B4: SauceDemo – Autenticação | C4: Login com usuário bloqueado | D4: 1. Acessar https://www.saucedemo.com 2. Usuário 'locked_out_user' bloqueado por padrão na plataforma | E4: 1. Acessar https://www.saucedemo.com 2. Inserir usuário: locked_out_user 3. Inserir senha: secret_sauce 4. Clicar no botão 'Login' | F4: Usuário: locked_out_user Senha: secret_sauce | G4: Exibir mensagem de erro: 'Sorry, this user has been locked out.' Acesso negado. | H4: O mesmo que o esperado. | I4: Passou | J4: Alta | K4: P1-Alta | L4: TC-003.png | M4: — | N4: Wesley | O4: 46106
A5: TC-004 | B5: SauceDemo – Autenticação | C5: Login com campos vazios | D5: 1. Acessar https://www.saucedemo.com | E5: 1. Acessar https://www.saucedemo.com 2. Deixar campo usuário em branco 3. Deixar campo senha em branco 4. Clicar no botão 'Login' | F5: Usuário: (vazio) Senha: (vazio) | G5: Exibir mensagem de validação: 'Username is required.' Formulário não submetido. | H5: O mesmo que o esperado. | I5: Passou | J5: Média | K5: P2-Média | L5: TC-004.png | M5: — | N5: Wesley | O5: 46106
A6: TC-005 | B6: SauceDemo – Autenticação | C6: Login com e-mail no campo usuário (boundary) | D6: 1. Acessar https://www.saucedemo.com | E6: 1. Acessar https://www.saucedemo.com 2. Inserir e-mail no campo usuário: standard_user@teste.com 3. Inserir senha: secret_sauce 4. Clicar no botão 'Login' | F6: Usuário: standard_user@teste.com Senha: secret_sauce | G6: Exibir mensagem de erro informando usuário inválido. Acesso negado. | H6: O mesmo que o esperado. | I6: Passou | J6: Baixa | K6: P3-Baixa | L6: TC-005.png | M6: — | N6: Wesley | O6: 46106
A7: TC-006 | B7: SauceDemo – Autenticação | C7: Logout após autenticação | D7: 1. Usuário autenticado como standard_user 2. Estar na página de produtos | E7: 1. Clicar no ícone de menu (≡) no canto superior esquerdo 2. Clicar em 'Logout' | F7: Usuário autenticado: standard_user | G7: Sessão encerrada com sucesso. Redirecionado para a tela de login (/). Não é possível voltar via botão 'Voltar' do navegador. | H7: O mesmo que o esperado. | I7: Passou | J7: Alta | K7: P1-Alta | L7: TC-006.png | M7: — | N7: Wesley | O7: 46106
A8: TC-007 | B8: SauceDemo – Carrinho & Checkout | C8: Adicionar produto ao carrinho | D8: 1. Usuário autenticado como standard_user 2. Estar na página de produtos | E8: 1. Localizar o produto 'Sauce Labs Backpack' 2. Clicar no botão 'Add to cart' 3. Verificar ícone do carrinho no topo | F8: Produto: Sauce Labs Backpack Preço: $29.99 | G8: Botão muda para 'Remove'. Ícone do carrinho exibe badge com número '1'. | H8: Teste passou. Observação: título da página exibido como 'Swag Labs' diverge da documentação que referencia 'Sauce Labs'." | I8: Passou | J8: Alta | K8: P1-Alta | L8: TC-007.png | M8: — | N8: Wesley | O8: 46106
A9: TC-008 | B9: SauceDemo – Carrinho & Checkout | C9: Remover produto do carrinho | D9: 1. Usuário autenticado como standard_user 2. Produto 'Sauce Labs Backpack' adicionado ao carrinho | E9: 1. Clicar no botão 'Remove' ao lado do produto 2. Verificar ícone do carrinho | F9: Produto: Sauce Labs Backpack | G9: Botão volta para 'Add to cart'. Badge do carrinho é removido ou decrementado. | H9: O mesmo que o esperado. | I9: Passou | J9: Alta | K9: P1-Alta | L9: TC-008.png | M9: — | N9: Wesley | O9: 46106
A10: TC-009 | B10: SauceDemo – Carrinho & Checkout | C10: Checkout completo com dados válidos | D10: 1. Usuário autenticado como standard_user 2. Ao menos 1 produto no carrinho | E10: 1. Clicar no ícone do carrinho 2. Clicar em 'Checkout' 3. Preencher First Name: João 4. Preencher Last Name: Silva 5. Preencher Zip Code: 01310-100 6. Clicar em 'Continue' 7. Clicar em 'Finish' | F10: First Name: João Last Name: Silva Zip Code: 01310-100 | G10: Pedido concluído com sucesso. Exibir mensagem: 'Thank you for your order!' Carrinho esvaziado. | H10: O mesmo que o esperado. | I10: Passou | J10: Crítica | K10: P1-Alta | L10: TC009.png | M10: — | N10: Wesley | O10: 46106
A11: TC-010 | B11: SauceDemo – Carrinho & Checkout | C11: Checkout sem preencher First Name | D11: 1. Usuário autenticado como standard_user 2. Ao menos 1 produto no carrinho 3. Estar na tela de informações do checkout | E11: 1. Deixar campo First Name em branco 2. Preencher Last Name: Silva 3. Preencher Zip Code: 01310-100 4. Clicar em 'Continue' | F11: First Name: (vazio) Last Name: Silva Zip Code: 01310-100 | G11: Exibir mensagem de erro: 'First Name is required.' Formulário não avança. | H11: O mesmo que o esperado. | I11: Passou | J11: Alta | K11: P1-Alta | L11: TC-010.png | M11: — | N11: Wesley | O11: 46106
A12: TC-011 | B12: SauceDemo – Carrinho & Checkout | C12: Checkout sem preencher CEP | D12: 1. Usuário autenticado como standard_user 2. Ao menos 1 produto no carrinho 3. Estar na tela de informações do checkout | E12: 1. Preencher First Name: João 2. Preencher Last Name: Silva 3. Deixar Zip Code em branco 4. Clicar em 'Continue' | F12: First Name: João Last Name: Silva Zip Code: (vazio) | G12: Exibir mensagem de erro: 'Postal Code is required.' Formulário não avança. | H12: O mesmo que o esperado. | I12: Passou | J12: Alta | K12: P1-Alta | L12: TC-011.png | M12: — | N12: Wesley | O12: 46106
A13: TC-012 | B13: SauceDemo – Carrinho & Checkout | C13: Ordenação de produtos por nome e preço | D13: 1. Usuário autenticado como standard_user 2. Estar na página de produtos | E13: 1. Localizar o dropdown de ordenação (padrão: 'Name (A to Z)') 2. Selecionar 'Name (Z to A)' e validar ordem 3. Selecionar 'Price (low to high)' e validar 4. Selecionar 'Price (high to low)' e validar | F13: Opções: Name (A to Z), Name (Z to A), Price (low to high), Price (high to low) | G13: Para cada seleção, os produtos são reordenados corretamente conforme o critério escolhido. | H13: O mesmo que o esperado. | I13: Passou | J13: Média | K13: P2-Média | L13: TC-12.png | M13: — | N13: Wesley | O13: 46106
A14: TC-013 | B14: SauceDemo – Carrinho & Checkout | C14: Adicionar todos os produtos ao carrinho (boundary) | D14: 1. Usuário autenticado como standard_user 2. Estar na página de produtos (6 produtos disponíveis) | E14: 1. Clicar em 'Add to cart' em todos os 6 produtos 2. Verificar badge do carrinho 3. Acessar o carrinho | F14: Total de produtos disponíveis: 6 | G14: Badge do carrinho exibe '6'. Carrinho lista todos os 6 produtos corretamente com seus preços. | H14: O mesmo que o esperado. | I14: Passou | J14: Média | K14: P2-Média | L14: TC-013.png | M14: — | O14: 46106
A15: TC-014 | B15: ReqRes – API Usuários | C15: GET /users?page=1 — listar usuários paginados | D15: 1. API ReqRes disponível em https://reqres.in 2. Ferramenta de teste de API configurada (Postman/Insomnia) | E15: 1. Enviar requisição GET para https://reqres.in/api/users?page=1 2. Validar status code 3. Validar estrutura do body | F15: Método: GET Endpoint: https://reqres.in/api/users?page=1 Headers: Content-Type: application/json | G15: Status: 200 OK Body JSON contém: 'page':1, array 'data' com 6 usuários. Cada usuário possui: id, email, first_name, last_name, avatar. | H15: o mesmo que o esperado | I15: Passou | J15: Alta | K15: P1-Alta | L15: TC-014.png | M15: — | N15: Wesley | O15: 46106
A16: TC-015 | B16: ReqRes – API Usuários | C16: GET /users/2 — buscar usuário existente | D16: 1. API ReqRes disponível 2. Usuário com ID 2 existe na base | E16: 1. Enviar requisição GET para https://reqres.in/api/users/2 2. Validar status code 3. Validar dados retornados | F16: Método: GET Endpoint: https://reqres.in/api/users/2 | G16: Status: 200 OK Body JSON contém objeto 'data' com: id: 2, email: janet.weaver@reqres.in, first_name: Janet, last_name: Weaver. | H16: o mesmo que o esperado | I16: Passou | J16: Alta | K16: P1-Alta | L16: TC-015.png | M16: — | N16: Wesley | O16: 46106
A17: TC-016 | B17: ReqRes – API Usuários | C17: GET /users/999 — usuário inexistente (negativo) | D17: 1. API ReqRes disponível 2. Usuário com ID 999 não existe | E17: 1. Enviar requisição GET para https://reqres.in/api/users/999 2. Validar status code 3. Validar body da resposta | F17: Método: GET Endpoint: https://reqres.in/api/users/999 | G17: Status: 404 Not Found Body: {} (objeto vazio). | H17: o mesmo que o esperado | I17: Passou | J17: Alta | K17: P1-Alta | L17: TC-016.png | M17: — | N17: Wesley | O17: 46106
A18: TC-017 | B18: ReqRes – API Usuários | C18: POST /users — criar usuário com payload válido | D18: 1. API ReqRes disponível | E18: 1. Enviar requisição POST para https://reqres.in/api/users 2. Body: {"name": "Maria Souza", "job": "QA Engineer"} 3. Validar status code 4. Validar campos retornados | F18: Método: POST Endpoint: https://reqres.in/api/users Body: { "name": "Maria Souza", "job": "QA Engineer" } | G18: Status: 201 Created Body JSON contém: name, job, id (gerado), createdAt. | H18: o mesmo que o esperado | I18: Passou | J18: Alta | K18: P1-Alta | L18: TC-017.png | M18: — | N18: Wesley | O18: 46106
A19: TC-018 | B19: ReqRes – API Usuários | C19: POST /users — criar usuário sem campo 'name' (negativo) | D19: 1. API ReqRes disponível | E19: 1. Enviar requisição POST para https://reqres.in/api/users 2. Body apenas com 'job', sem 'name' 3. Validar resposta | F19: Método: POST Endpoint: https://reqres.in/api/users Body: { "job": "QA Engineer" } | G19: Status: 400 Bad Request Body JSON com mensagem de erro indicando campo 'name' obrigatório. | H19: Status retornado: 201 Created Body retornou: job, id, createdAt — sem rejeitar a ausência do campo 'name' Esperado: 400 Bad Request com mensagem de campo obrigatório. API não valida campos obrigatórios no POST /users. | I19: Falhou | J19: Alta | K19: P2-Média | L19: TC-018.png | M19: SCRUM-9 | N19: Wesley | O19: 46106
A20: TC-019 | B20: ReqRes – API Usuários | C20: PUT /users/2 — atualizar usuário completo | D20: 1. API ReqRes disponível 2. Usuário com ID 2 existe | E20: 1. Enviar requisição PUT para https://reqres.in/api/users/2 2. Body: {"name": "Janet Atualizada", "job": "Senior QA"} 3. Validar resposta | F20: Método: PUT Endpoint: https://reqres.in/api/users/2 Body: { "name": "Janet Atualizada", "job": "Senior QA" } | G20: Status: 200 OK Body JSON contém: name: 'Janet Atualizada', job: 'Senior QA', updatedAt. | H20: o mesmo que o esperado | I20: Passou | J20: Alta | K20: P1-Alta | L20: TC-019.png | M20: — | N20: Wesley | O20: 46106
A21: TC-020 | B21: ReqRes – API Usuários | C21: PATCH /users/2 — atualizar campo parcial | D21: 1. API ReqRes disponível 2. Usuário com ID 2 existe | E21: 1. Enviar requisição PATCH para https://reqres.in/api/users/2 2. Body apenas com 'job' 3. Validar resposta | F21: Método: PATCH Endpoint: https://reqres.in/api/users/2 Body: { "job": "Lead QA" } | G21: Status: 200 OK Body JSON contém: job: 'Lead QA', updatedAt. Apenas o campo enviado é atualizado. | H21: o mesmo que o esperado | I21: Passou | J21: Média | K21: P2-Média | L21: TC-020.png | M21: — | N21: Wesley | O21: 46106
A22: TC-021 | B22: ReqRes – API Usuários | C22: DELETE /users/2 — deletar usuário | D22: 1. API ReqRes disponível 2. Usuário com ID 2 existe | E22: 1. Enviar requisição DELETE para https://reqres.in/api/users/2 2. Validar status code 3. Validar ausência de body | F22: Método: DELETE Endpoint: https://reqres.in/api/users/2 | G22: Status: 204 No Content Body: vazio (sem conteúdo na resposta). | H22: o mesmo que o esperado | I22: Passou | J22: Alta | K22: P1-Alta | L22: TC-021.png | M22: — | N22: Wesley | O22: 46106
A23: TC-022 | B23: ReqRes – API Autenticação | C23: POST /login — autenticação com credenciais válidas | D23: 1. API ReqRes disponível 2. Credenciais válidas: eve.holt@reqres.in / cityslicka | E23: 1. Enviar requisição POST para https://reqres.in/api/login 2. Body com email e password válidos 3. Validar resposta | F23: Método: POST Endpoint: https://reqres.in/api/login Body: { "email": "eve.holt@reqres.in", "password": "cityslicka" } | G23: Status: 200 OK Body JSON contém campo 'token' com valor não nulo. | H23: o mesmo que o esperado | I23: Passou | J23: Crítica | K23: P1-Alta | L23: TC-022.png | M23: — | N23: Wesley | O23: 46106
A24: TC-023 | B24: ReqRes – API Autenticação | C24: POST /login — sem campo 'password' (negativo) | D24: 1. API ReqRes disponível | E24: 1. Enviar requisição POST para https://reqres.in/api/login 2. Body apenas com 'email', sem 'password' 3. Validar resposta | F24: Método: POST Endpoint: https://reqres.in/api/login Body: { "email": "eve.holt@reqres.in" } | G24: Status: 400 Bad Request Body JSON contém: {"error": "Missing password"}. | H24: o mesmo que o esperado | I24: Passou | J24: Crítica | K24: P1-Alta | L24: TC-023.png | M24: — | N24: Wesley | O24: 46106
A25: TC-024 | B25: ReqRes – API Autenticação | C25: POST /register — registro com dados válidos | D25: 1. API ReqRes disponível | E25: 1. Enviar requisição POST para https://reqres.in/api/register 2. Body com email e password válidos 3. Validar resposta | F25: Método: POST Endpoint: https://reqres.in/api/register Body: { "email": "eve.holt@reqres.in", "password": "pistol" } | G25: Status: 200 OK Body JSON contém: 'id' e 'token' com valores não nulos. | H25: o mesmo que o esperado | I25: Passou | J25: Crítica | K25: P1-Alta | L25: TC-024.png | M25: — | N25: Wesley | O25: 46106
A26: TC-025 | B26: ReqRes – API Autenticação | C26: POST /register — sem campo 'email' (negativo) | D26: 1. API ReqRes disponível | E26: 1. Enviar requisição POST para https://reqres.in/api/register 2. Body apenas com 'password', sem 'email' 3. Validar resposta | F26: Método: POST Endpoint: https://reqres.in/api/register Body: { "password": "pistol" } | G26: Status: 400 Bad Request Body JSON contém: {"error": "Missing email or username"}. | H26: o mesmo que o esperado | I26: Passou | J26: Crítica | K26: P1-Alta | L26: TC-025.png | M26: — | N26: Wesley | O26: 46106
A27: TC-026 | B27: SauceDemo – Carrinho & Checkout | C27: Validar nomes e descrições dos produtos no catálogo | D27: 1. Usuário autenticado como standard_user 2. Estar na página de produtos (/inventory.html) | E27: 1. Realizar login com standard_user / secret_sauce 2. Na página de produtos, verificar o nome de cada produto 3. Verificar se as descrições contêm linguagem adequada ao contexto 4. Anotar qualquer nome ou descrição que contenha sintaxe de código ou linguagem técnica inesperada | F27: Usuário: standard_user Produtos esperados: Sauce Labs Backpack, Bike Light, Bolt T-Shirt, Fleece Jacket, Onesie, T-Shirt (Red) Descrições: devem ser textos comerciais compreensíveis | G27: Todos os produtos devem ter nomes claros e descrições em linguagem comercial adequada, sem sintaxe de código ou referências técnicas que possam confundir o usuário final. | H27: Produto 'Test.allTheThings() T-Shirt (Red)' contém sintaxe de função no nome. Descrição do 'Sauce Labs Backpack' inicia com 'carry.allTheThings()' — sintaxe de código. Comportamento identificado de forma exploratória durante TC-007. | I27: Falhou | J27: Baixa | K27: P3-Baixa | L27: https://softwaretrestingcicote.atlassian.net/browse/SCRUM-7?atlOrigin=eyJpIjoiZDgyNzE4NWM3ODBkNDBjNWE0NDRlNmJlMDEwNDVlN2IiLCJwIjoiaiJ9 | M27: SCRUM-7 | N27: Wesley | O27: 46106

Sheet Dashboard
A1: 📊 QA Portfolio Dashboard — SauceDemo & ReqRes
A2: Resumo automático · Atualiza conforme execução dos casos
A4: Total | B4: ✅ Passou | C4: ❌ Falhou | D4: 🚫 Bloqueado | E4: 🔄 Re-teste | F4: ⬜ Não Iniciado | G4: 📈 Aprovação
A5: =COUNTA('Casos de Teste'!A2:A994) -> 26 | B5: =COUNTIF('Casos de Teste'!I2:I994,"Passou") -> 24 | C5: =COUNTIF('Casos de Teste'!I2:I994,"Falhou") -> 2 | D5: =COUNTIF('Casos de Teste'!I2:I994,"Bloqueado") -> 0 | E5: =COUNTIF('Casos de Teste'!I2:I994,"Re-teste") -> 0 | F5: =COUNTIF('Casos de Teste'!I2:I994,"Não Iniciado") -> 0 | G5: =IFERROR(COUNTIF('Casos de Teste'!I2:I994,"Passou")/COUNTA('Casos de Teste'!A2:A994),0) -> 0.92307692
A7: RESULTADO POR SUITE
A8: Suite | B8: Total | C8: Passou | D8: Falhou | E8: Bloqueado | F8: Não Iniciado | G8: % Aprovação
A9: SauceDemo – Autenticação | B9: =COUNTIF('Casos de Teste'!B2:B994,"SauceDemo – Autenticação") -> 6 | C9: =COUNTIFS('Casos de Teste'!B2:B994,"SauceDemo – Autenticação",'Casos de Teste'!I2:I994,"Passou") -> 6 | D9: =COUNTIFS('Casos de Teste'!B2:B994,"SauceDemo – Autenticação",'Casos de Teste'!I2:I994,"Falhou") -> 0 | E9: =COUNTIFS('Casos de Teste'!B2:B994,"SauceDemo – Autenticação",'Casos de Teste'!I2:I994,"Bloqueado") -> 0 | F9: =COUNTIFS('Casos de Teste'!B2:B994,"SauceDemo – Autenticação",'Casos de Teste'!I2:I994,"Não Iniciado") -> 0 | G9: =IFERROR(COUNTIFS('Casos de Teste'!B2:B994,"SauceDemo – Autenticação",'Casos de Teste'!I2:I994,"Passou")/COUNTIF('Casos de Teste'!B2:B994,"SauceDemo – Autenticação"),0) -> 1
A10: SauceDemo – Carrinho & Checkout | B10: =COUNTIF('Casos de Teste'!B2:B994,"SauceDemo – Carrinho & Checkout") -> 8 | C10: =COUNTIFS('Casos de Teste'!B2:B994,"SauceDemo – Carrinho & Checkout",'Casos de Teste'!I2:I994,"Passou") -> 7 | D10: =COUNTIFS('Casos de Teste'!B2:B994,"SauceDemo – Carrinho & Checkout",'Casos de Teste'!I2:I994,"Falhou") -> 1 | E10: =COUNTIFS('Casos de Teste'!B2:B994,"SauceDemo – Carrinho & Checkout",'Casos de Teste'!I2:I994,"Bloqueado") -> 0 | F10: =COUNTIFS('Casos de Teste'!B2:B994,"SauceDemo – Carrinho & Checkout",'Casos de Teste'!I2:I994,"Não Iniciado") -> 0 | G10: =IFERROR(COUNTIFS('Casos de Teste'!B2:B994,"SauceDemo – Carrinho & Checkout",'Casos de Teste'!I2:I994,"Passou")/COUNTIF('Casos de Teste'!B2:B994,"SauceDemo – Carrinho & Checkout"),0) -> 0.875
A11: ReqRes – API Usuários | B11: =COUNTIF('Casos de Teste'!B2:B994,"ReqRes – API Usuários") -> 8 | C11: =COUNTIFS('Casos de Teste'!B2:B994,"ReqRes – API Usuários",'Casos de Teste'!I2:I994,"Passou") -> 7 | D11: =COUNTIFS('Casos de Teste'!B2:B994,"ReqRes – API Usuários",'Casos de Teste'!I2:I994,"Falhou") -> 1 | E11: =COUNTIFS('Casos de Teste'!B2:B994,"ReqRes – API Usuários",'Casos de Teste'!I2:I994,"Bloqueado") -> 0 | F11: =COUNTIFS('Casos de Teste'!B2:B994,"ReqRes – API Usuários",'Casos de Teste'!I2:I994,"Não Iniciado") -> 0 | G11: =IFERROR(COUNTIFS('Casos de Teste'!B2:B994,"ReqRes – API Usuários",'Casos de Teste'!I2:I994,"Passou")/COUNTIF('Casos de Teste'!B2:B994,"ReqRes – API Usuários"),0) -> 0.875
A12: ReqRes – API Autenticação | B12: =COUNTIF('Casos de Teste'!B2:B994,"ReqRes – API Autenticação") -> 4 | C12: =COUNTIFS('Casos de Teste'!B2:B994,"ReqRes – API Autenticação",'Casos de Teste'!I2:I994,"Passou") -> 4 | D12: =COUNTIFS('Casos de Teste'!B2:B994,"ReqRes – API Autenticação",'Casos de Teste'!I2:I994,"Falhou") -> 0 | E12: =COUNTIFS('Casos de Teste'!B2:B994,"ReqRes – API Autenticação",'Casos de Teste'!I2:I994,"Bloqueado") -> 0 | F12: =COUNTIFS('Casos de Teste'!B2:B994,"ReqRes – API Autenticação",'Casos de Teste'!I2:I994,"Não Iniciado") -> 0 | G12: =IFERROR(COUNTIFS('Casos de Teste'!B2:B994,"ReqRes – API Autenticação",'Casos de Teste'!I2:I994,"Passou")/COUNTIF('Casos de Teste'!B2:B994,"ReqRes – API Autenticação"),0) -> 1
A14: RESULTADO POR SEVERIDADE
A15: Severidade | B15: Total | C15: Passou | D15: Falhou | E15: Bloqueado | F15: Não Iniciado | G15: % Aprovação
A16: Crítica | B16: =COUNTIF('Casos de Teste'!J2:J994,"Crítica") -> 5 | C16: =COUNTIFS('Casos de Teste'!J2:J994,"Crítica",'Casos de Teste'!I2:I994,"Passou") -> 5 | D16: =COUNTIFS('Casos de Teste'!J2:J994,"Crítica",'Casos de Teste'!I2:I994,"Falhou") -> 0 | E16: =COUNTIFS('Casos de Teste'!J2:J994,"Crítica",'Casos de Teste'!I2:I994,"Bloqueado") -> 0 | F16: =COUNTIFS('Casos de Teste'!J2:J994,"Crítica",'Casos de Teste'!I2:I994,"Não Iniciado") -> 0 | G16: =IFERROR(COUNTIFS('Casos de Teste'!J2:J994,"Crítica",'Casos de Teste'!I2:I994,"Passou")/COUNTIF('Casos de Teste'!J2:J994,"Crítica"),0) -> 1
A17: Alta | B17: =COUNTIF('Casos de Teste'!J2:J994,"Alta") -> 15 | C17: =COUNTIFS('Casos de Teste'!J2:J994,"Alta",'Casos de Teste'!I2:I994,"Passou") -> 14 | D17: =COUNTIFS('Casos de Teste'!J2:J994,"Alta",'Casos de Teste'!I2:I994,"Falhou") -> 1 | E17: =COUNTIFS('Casos de Teste'!J2:J994,"Alta",'Casos de Teste'!I2:I994,"Bloqueado") -> 0 | F17: =COUNTIFS('Casos de Teste'!J2:J994,"Alta",'Casos de Teste'!I2:I994,"Não Iniciado") -> 0 | G17: =IFERROR(COUNTIFS('Casos de Teste'!J2:J994,"Alta",'Casos de Teste'!I2:I994,"Passou")/COUNTIF('Casos de Teste'!J2:J994,"Alta"),0) -> 0.93333333
A18: Média | B18: =COUNTIF('Casos de Teste'!J2:J994,"Média") -> 4 | C18: =COUNTIFS('Casos de Teste'!J2:J994,"Média",'Casos de Teste'!I2:I994,"Passou") -> 4 | D18: =COUNTIFS('Casos de Teste'!J2:J994,"Média",'Casos de Teste'!I2:I994,"Falhou") -> 0 | E18: =COUNTIFS('Casos de Teste'!J2:J994,"Média",'Casos de Teste'!I2:I994,"Bloqueado") -> 0 | F18: =COUNTIFS('Casos de Teste'!J2:J994,"Média",'Casos de Teste'!I2:I994,"Não Iniciado") -> 0 | G18: =IFERROR(COUNTIFS('Casos de Teste'!J2:J994,"Média",'Casos de Teste'!I2:I994,"Passou")/COUNTIF('Casos de Teste'!J2:J994,"Média"),0) -> 1
A19: Baixa | B19: =COUNTIF('Casos de Teste'!J2:J994,"Baixa") -> 2 | C19: =COUNTIFS('Casos de Teste'!J2:J994,"Baixa",'Casos de Teste'!I2:I994,"Passou") -> 1 | D19: =COUNTIFS('Casos de Teste'!J2:J994,"Baixa",'Casos de Teste'!I2:I994,"Falhou") -> 1 | E19: =COUNTIFS('Casos de Teste'!J2:J994,"Baixa",'Casos de Teste'!I2:I994,"Bloqueado") -> 0 | F19: =COUNTIFS('Casos de Teste'!J2:J994,"Baixa",'Casos de Teste'!I2:I994,"Não Iniciado") -> 0 | G19: =IFERROR(COUNTIFS('Casos de Teste'!J2:J994,"Baixa",'Casos de Teste'!I2:I994,"Passou")/COUNTIF('Casos de Teste'!J2:J994,"Baixa"),0) -> 0.5

Sheet Glossário
A1: Glossário – Campos e Valores Aceitos
A2: Campo | B2: Descrição / Valores Aceitos
A3: Status | B3: Não Iniciado | Passou | Falhou | Bloqueado | Re-teste
A4: Severidade | B4: Crítica | Alta | Média | Baixa
A5: Prioridade | B5: P1-Alta | P2-Média | P3-Baixa
A6: Evidência (Link) | B6: URL do screenshot/vídeo (Google Drive, Confluence, etc.)
A7: Bug ID (Jira) | B7: Código do bug no Jira (ex: BUG-1234). Use '—' se não houver.
A8: Tester | B8: Nome completo do responsável pela execução
A9: Data de Execução | B9: Formato AAAA-MM-DD
A11: Sites utilizados
A12: SauceDemo | B12: https://www.saucedemo.com — Loja fictícia para testes funcionais
A13: ReqRes | B13: https://reqres.in — API REST pública para testes de integração
A15: Tipos de teste
A16: Funcional | B16: Valida se o fluxo principal funciona conforme esperado
A17: Negativo | B17: Valida o comportamento com dados inválidos ou ações inesperadas
A18: Boundary | B18: Valida os limites do sistema (mínimo, máximo, extremos)
A19: REST/API | B19: Valida endpoints HTTP: status code, body, headers e contratos
